Date;Close;Open;High;Low;VIX ;IV;HV;IV Pctl;1D IV Chg;P/C Vol
02/01/2025;5868.55;5903.26;5935.09;5829.53;17.93;14.54%;36.59%;80%;+0.76%;1.29
03/01/2025;5942.47;5891.07;5949.34;5888.88;16.13;12.92%;29.50%;68%;-1.62%;1.25
06/01/2025;5975.38;5982.81;6021.04;5960.01;16.04;12.79%;28.96%;66%;-0.12%;1.21
07/01/2025;5909.03;5993.26;6000.68;5890.68;17.82;14.33%;35.68%;78%;+1.54%;1.36
08/01/2025;5918.25;5910.66;5927.89;5874.78;17.7;14.45%;36.19%;79%;+0.12%;1.37
10/01/2025;5827.04;5890.35;5890.35;5807.78;19.54;15.72%;41.73%;86%;+1.23%;1.46
13/01/2025;5836.22;5782.02;5838.61;5774.56;19.19;15.72%;41.72%;86%;unch;1.33
14/01/2025;5842.91;5859.27;5871.92;5805.42;18.71;15.63%;41.34%;85%;-0.09%;1.16
15/01/2025;5949.91;5905.21;5960.61;5905.21;16.12;13.12%;30.38%;68%;-2.51%;1.22
16/01/2025;5937.34;5963.61;5964.69;5930.72;16.6;13.10%;30.32%;68%;-0.01%;1.25
17/01/2025;5996.66;5996.24;6014.96;5980.23;15.97;12.70%;28.55%;62%;-0.41%;1.28
21/01/2025;6049.24;6014.12;6051.51;6006.88;15.06;11.81%;24.67%;48%;-1.30%;1.30
22/01/2025;6086.37;6081.39;6100.81;6076.13;15.1;11.39%;22.81%;40%;-0.43%;1.42
23/01/2025;6118.71;6076.32;6118.73;6074.67;15.02;11.21%;22.06%;37%;-0.17%;1.15
24/01/2025;6101.24;6121.43;6128.04;6088.74;14.85;11.18%;21.92%;36%;-0.03%;1.23
27/01/2025;6012.28;5969.04;6017.17;5963.02;17.9;13.66%;32.73%;71%;+2.48%;1.37
28/01/2025;6067.7;6026.97;6074.54;5995.07;16.41;12.72%;28.66%;62%;-0.93%;1.11
29/01/2025;6039.31;6057.7;6062.83;6012.96;16.56;13.12%;30.41%;68%;+0.40%;1.10
30/01/2025;6071.17;6050.75;6086.64;6027.46;15.84;12.50%;27.68%;57%;-0.62%;1.21
31/01/2025;6040.53;6096.79;6120.91;6030.93;16.43;13.14%;30.50%;68%;+0.64%;1.27
03/02/2025;5994.57;5941.92;6022.13;5924.1;18.62;14.77%;37.58%;81%;+1.62%;1.26
04/02/2025;6037.88;5998.14;6042.48;5990.87;17.21;13.24%;30.90%;68%;-1.53%;1.27
05/02/2025;6061.48;6020.45;6062.86;6007.19;15.77;12.72%;28.65%;60%;-0.51%;1.17
06/02/2025;6083.57;6072.22;6084.03;6046.83;15.5;11.98%;25.42%;49%;-0.74%;1.15
07/02/2025;6025.99;6083.13;6101.28;6019.96;16.54;12.83%;29.14%;62%;+0.85%;1.25
10/02/2025;6066.44;6046.4;6073.38;6044.84;15.81;12.15%;26.16%;50%;-0.68%;1.34
11/02/2025;6068.5;6049.32;6076.28;6045.6;16.02;12.31%;26.85%;53%;+0.16%;1.36
12/02/2025;6051.97;6025.08;6063;6003.79;15.89;12.64%;28.29%;56%;+0.33%;1.26
13/02/2025;6115.07;6060.59;6116.91;6050.95;15.1;11.40%;22.87%;37%;-1.24%;1.25
14/02/2025;6114.63;6115.52;6127.47;6107.62;14.77;11.10%;21.56%;30%;-0.30%;1.47
18/02/2025;6129.58;6121.6;6129.63;6099.51;15.35;11.59%;23.73%;39%;-0.50%;1.34
19/02/2025;6144.15;6117.76;6147.43;6111.15;15.27;11.46%;23.16%;36%;-0.13%;1.48
20/02/2025;6117.52;6134.5;6134.5;6084.97;15.66;11.66%;24.01%;40%;+0.19%;1.19
21/02/2025;6013.13;6114.1;6114.82;6008.56;18.21;13.97%;34.10%;74%;+2.31%;1.41
24/02/2025;5983.25;6026.69;6043.07;5977.83;18.98;15.02%;38.67%;82%;+1.05%;1.46
25/02/2025;5955.25;5982.73;5990.95;5908.49;19.43;15.60%;41.22%;85%;+0.58%;1.29
26/02/2025;5956.06;5970.87;6009.82;5932.69;19.1;15.57%;41.09%;84%;-0.03%;1.23
27/02/2025;5861.57;5981.88;5993.69;5859.35;21.13;17.62%;50.03%;97%;+2.05%;1.22
28/02/2025;5954.5;5856.74;5957.91;5837.66;19.63;15.73%;41.80%;86%;-1.88%;1.35
03/03/2025;5849.72;5968.33;5986.09;5810.91;22.78;18.64%;54.47%;98%;+2.90%;1.32
04/03/2025;5778.15;5800.8;5865.08;5732.59;23.51;20.01%;60.47%;98%;+1.37%;1.28
05/03/2025;5842.63;5781.36;5860.59;5743.41;21.93;18.59%;54.26%;97%;-1.42%;1.24
06/03/2025;5738.52;5785.87;5811.8;5711.64;24.87;21.40%;66.55%;98%;+2.81%;1.12
07/03/2025;5770.2;5726.01;5783.01;5667.26;23.37;19.60%;58.67%;98%;-1.80%;1.27
10/03/2025;5614.56;5705.37;5705.37;5564.02;27.86;23.36%;75.09%;99%;+3.76%;1.38
11/03/2025;5572.07;5603.65;5636.3;5528.41;26.92;23.58%;76.08%;99%;+0.23%;1.19
12/03/2025;5599.3;5624.84;5640.74;5546.09;24.23;21.58%;67.33%;98%;-2.00%;1.28
13/03/2025;5521.52;5594.45;5597.78;5504.65;24.66;22.38%;70.83%;98%;+0.80%;1.26
14/03/2025;5638.94;5563.85;5644.69;5563.85;21.77;19.07%;56.37%;95%;-3.31%;1.43
17/03/2025;5675.12;5635.6;5703.52;5631.39;20.51;18.11%;52.19%;93%;-0.96%;1.16
18/03/2025;5614.66;5654.53;5654.53;5597.76;21.7;19.20%;56.96%;96%;+1.09%;1.17
19/03/2025;5675.29;5632.37;5715.33;5622.2;19.9;17.49%;49.49%;91%;-1.71%;1.33
20/03/2025;5662.89;5646.92;5711.15;5632.33;19.8;17.22%;48.31%;90%;-0.27%;1.21
21/03/2025;5667.56;5630.73;5670.84;5603.1;19.28;16.64%;45.75%;87%;-0.59%;1.18
24/03/2025;5767.57;5718.08;5775.14;5718.08;17.48;14.86%;37.99%;73%;-1.78%;1.17
25/03/2025;5776.65;5775.96;5786.95;5760.42;17.15;14.74%;37.47%;72%;-0.12%;1.11
26/03/2025;5712.2;5771.66;5783.62;5694.41;18.33;15.93%;42.64%;83%;+1.18%;1.33
27/03/2025;5693.31;5695.64;5732.28;5670.94;18.69;16.19%;43.81%;86%;+0.27%;1.26
28/03/2025;5580.94;5679.2;5685.89;5572.42;21.65;18.79%;55.17%;94%;+2.60%;1.28
31/03/2025;5611.85;5527.91;5627.56;5488.73;22.28;18.47%;53.74%;93%;-0.33%;1.28
01/04/2025;5633.07;5597.53;5650.57;5558.52;21.77;18.43%;53.57%;93%;-0.04%;1.22
02/04/2025;5670.97;5580.76;5695.31;5571.48;21.51;19.77%;59.45%;96%;+1.35%;1.17
03/04/2025;5396.52;5492.74;5499.53;5390.83;30.02;25.53%;84.57%;99%;+5.75%;1.54
04/04/2025;5074.08;5292.14;5292.14;5069.9;45.31;37.38%;100.00%;100%;+11.85%;1.79
07/04/2025;5062.25;4953.79;5246.57;4835.04;46.98;39.51%;100.00%;100%;+2.13%;2.00
08/04/2025;4982.77;5193.57;5267.47;4910.42;52.33;42.58%;100.00%;100%;+3.08%;1.78
09/04/2025;5456.9;4965.28;5481.34;4948.43;33.62;26.64%;56.24%;98%;-15.94%;1.50
10/04/2025;5268.05;5353.15;5353.15;5117.67;40.72;34.92%;78.95%;98%;+8.27%;1.46
11/04/2025;5363.36;5255.56;5381.46;5220.77;37.56;31.65%;69.97%;98%;-3.27%;1.26
14/04/2025;5405.97;5441.96;5459.04;5358.02;30.89;26.21%;55.05%;97%;-5.43%;1.25
15/04/2025;5396.63;5411.99;5450.41;5386.44;30.12;24.84%;51.29%;96%;-1.37%;1.36
16/04/2025;5275.7;5335.75;5367.24;5220.79;32.64;28.24%;60.62%;97%;+3.40%;1.48
17/04/2025;5282.7;5305.45;5328.31;5255.58;29.65;26.02%;54.54%;96%;-2.22%;1.37
21/04/2025;5158.2;5232.94;5232.94;5101.63;33.82;29.65%;64.49%;98%;+3.62%;1.32
22/04/2025;5287.76;5207.67;5309.61;5207.67;30.57;26.95%;57.07%;97%;-2.70%;1.19
23/04/2025;5375.86;5395.92;5469.69;5356.17;28.45;25.51%;53.13%;95%;-1.44%;1.20
24/04/2025;5484.77;5381.38;5489.4;5374.37;26.47;22.97%;46.15%;93%;-2.54%;1.34
25/04/2025;5525.21;5489.73;5528.11;5456.19;24.84;21.27%;41.48%;91%;-1.70%;1.37
28/04/2025;5528.75;5529.22;5552.96;5468.64;25.15;21.20%;41.30%;90%;-0.06%;1.17
29/04/2025;5560.83;5508.87;5571.95;5506.58;24.17;20.67%;39.83%;90%;-0.54%;1.21
30/04/2025;5569.06;5499.44;5581.01;5433.24;24.7;21.65%;42.53%;91%;+0.98%;1.06
01/05/2025;5604.14;5625.43;5658.91;5599.55;24.6;20.47%;39.30%;89%;-1.18%;1.21
02/05/2025;5686.67;5645.88;5700.7;5644.3;22.68;18.70%;34.42%;86%;-1.78%;1.28
05/05/2025;5650.38;5655.32;5683.38;5634.48;23.64;19.39%;36.33%;88%;+0.70%;1.29
06/05/2025;5606.91;5605.87;5649.58;5586.04;24.76;20.71%;39.96%;90%;+1.32%;1.23
07/05/2025;5631.28;5614.18;5654.73;5578.82;23.55;20.04%;38.11%;88%;-0.67%;1.29
08/05/2025;5663.94;5663.6;5720.1;5635.38;22.48;19.10%;35.53%;85%;-0.94%;1.14
09/05/2025;5659.91;5679.65;5691.69;5644.15;21.9;18.86%;34.86%;84%;-0.24%;1.24
12/05/2025;5844.19;5827.83;5845.2;5786.08;18.39;15.20%;24.83%;65%;-3.65%;1.29
13/05/2025;5886.55;5854.15;5906.64;5845.18;18.22;14.43%;22.69%;58%;-0.78%;1.13
14/05/2025;5892.58;5896.74;5906.45;5872.11;18.62;15.30%;25.09%;66%;+0.88%;1.08
15/05/2025;5916.93;5869.82;5924.21;5865.16;17.83;14.65%;23.31%;59%;-0.65%;1.08
16/05/2025;5958.38;5929.09;5958.62;5907.36;17.24;14.52%;22.96%;58%;-0.13%;1.12
19/05/2025;5963.6;5902.88;5968.61;5895.69;18.14;15.12%;24.59%;64%;+0.59%;1.23
20/05/2025;5940.46;5944.66;5953.06;5909.26;18.09;15.14%;24.65%;64%;+0.02%;1.15
21/05/2025;5844.61;5910.18;5938.37;5830.91;20.87;17.06%;29.93%;77%;+1.92%;1.25
22/05/2025;5842.01;5841.26;5878.08;5825.82;20.28;16.75%;29.07%;77%;-0.32%;1.19
23/05/2025;5802.82;5781.89;5829.51;5768.87;22.29;18.31%;33.36%;82%;+1.56%;1.38
27/05/2025;5921.54;5854.07;5924.33;5854.07;18.96;15.24%;24.91%;63%;-3.44%;1.42
28/05/2025;5888.55;5925.54;5939.62;5881.88;19.31;15.99%;26.99%;71%;+0.76%;1.15
29/05/2025;5912.17;5939.96;5939.96;5873.8;19.18;15.47%;25.57%;64%;-0.52%;1.15
30/05/2025;5911.69;5903.67;5922.09;5843.66;18.57;15.25%;24.96%;62%;-0.22%;1.18
02/06/2025;5935.94;5896.68;5937.4;5862.41;18.36;15.11%;24.56%;60%;-0.14%;1.13
03/06/2025;5970.37;5938.56;5981.35;5929;17.69;14.61%;23.20%;55%;-0.50%;1.19
04/06/2025;5970.81;5978.94;5990.48;5966.85;17.61;14.49%;22.86%;53%;-0.12%;1.19
05/06/2025;5939.3;5985.67;5999.7;5921.73;18.48;14.85%;23.87%;58%;+0.37%;1.23
06/06/2025;6000.36;5987.06;6016.87;5978.63;16.77;13.56%;20.32%;45%;-1.29%;1.37
09/06/2025;6005.88;6004.63;6021.31;5994.18;17.16;13.82%;21.04%;48%;+0.26%;1.17
10/06/2025;6038.81;6009.91;6043.01;6000.28;16.95;13.59%;20.38%;45%;-0.24%;1.28
11/06/2025;6022.24;6049.38;6059.4;6002.32;17.26;14.04%;21.63%;50%;+0.45%;1.25
12/06/2025;6045.26;6009.9;6045.43;6003.88;18.02;14.13%;21.87%;50%;+0.09%;1.40
13/06/2025;5976.97;6000.56;6026.16;5963.21;20.82;16.18%;27.50%;72%;+2.05%;1.40
16/06/2025;6033.11;6004;6050.83;6004;19.11;14.65%;23.32%;54%;-1.52%;1.32
17/06/2025;5982.72;6012.15;6023.25;5974.8;21.6;16.75%;29.09%;76%;+2.10%;1.47
18/06/2025;5980.87;5987.93;6018.25;5971.89;20.14;16.29%;27.80%;74%;-0.47%;1.44
20/06/2025;5967.84;5999.67;6018.08;5952.56;20.62;16.31%;27.88%;74%;-0.47%;1.36
23/06/2025;6025.17;5969.67;6028.45;5944.85;19.83;15.16%;24.72%;59%;-1.15%;1.32
24/06/2025;6092.18;6061.21;6101.76;6059.25;17.48;13.66%;20.58%;42%;-1.51%;1.24
25/06/2025;6092.16;6104.23;6108.51;6080.09;16.76;13.55%;20.29%;40%;-0.11%;1.14
26/06/2025;6141.02;6112.09;6146.52;6107.87;16.59;13.02%;11.86%;35%;-0.53%;1.09
27/06/2025;6173.07;6150.7;6187.68;6132.35;16.32;13.29%;12.69%;39%;+0.28%;1.13
30/06/2025;6204.95;6193.36;6215.08;6174.97;16.73;13.34%;12.82%;39%;+0.04%;1.01
01/07/2025;6198.01;6187.25;6210.78;6177.97;16.83;13.74%;14.03%;43%;+0.41%;1.26
02/07/2025;6227.42;6193.88;6227.48;6188.29;16.64;13.82%;14.26%;44%;+0.08%;1.26
03/07/2025;6279.35;6246.46;6284.65;6246.46;16.38;13.29%;12.67%;37%;-0.53%;1.19
07/07/2025;6229.98;6259.04;6262.07;6201;17.79;14.62%;16.64%;52%;+0.65%;1.24
08/07/2025;6225.52;6234.03;6242.7;6217.75;16.81;13.97%;14.70%;44%;-0.65%;1.25
09/07/2025;6263.26;6243.33;6269.16;6231.43;15.94;13.25%;12.57%;36%;-0.71%;1.13
10/07/2025;6280.46;6266.8;6290.22;6252.21;15.78;12.79%;11.19%;29%;-0.46%;1.10
11/07/2025;6259.75;6255.68;6269.44;6237.6;16.4;13.23%;12.50%;35%;+0.44%;1.26
14/07/2025;6268.56;6255.15;6273.31;6239.64;17.2;13.89%;14.48%;43%;+0.67%;1.29
15/07/2025;6243.76;6295.29;6302.04;6242.88;17.38;14.23%;15.49%;47%;+0.34%;1.20
16/07/2025;6263.7;6254.5;6268.12;6202.33;17.16;13.84%;14.31%;42%;-0.39%;1.27
17/07/2025;6297.36;6263.4;6304.69;6262.42;16.52;13.29%;12.68%;35%;-0.55%;1.16
18/07/2025;6296.79;6312.95;6314.2;6285.27;16.41;13.14%;12.23%;32%;-0.15%;1.18
21/07/2025;6305.6;6304.74;6336.08;6303.86;16.65;13.21%;12.44%;33%;+0.07%;1.24
22/07/2025;6309.62;6306.6;6316.12;6281.71;16.5;13.04%;11.95%;30%;-0.17%;1.23
23/07/2025;6358.91;6326.9;6360.64;6317.49;15.37;12.55%;10.48%;23%;-0.49%;1.09
24/07/2025;6363.35;6368.6;6381.31;6360.57;15.39;12.19%;9.40%;20%;-0.36%;1.27
25/07/2025;6388.64;6370.01;6395.82;6368.53;14.93;11.79%;8.22%;15%;-0.40%;1.23
28/07/2025;6389.77;6397.69;6401.07;6375.79;15.03;11.58%;7.59%;12%;-0.21%;1.19
29/07/2025;6370.86;6405.62;6408.93;6363.92;15.98;12.52%;10.39%;24%;+0.94%;1.30
30/07/2025;6362.9;6381.23;6396.01;6337;15.48;12.98%;11.77%;30%;+0.46%;1.27
31/07/2025;6339.39;6427.02;6427.02;6328.13;16.72;13.17%;12.31%;34%;+0.18%;1.26
01/08/2025;6238.01;6287.28;6287.28;6212.69;20.38;15.69%;19.85%;65%;+2.53%;1.36
04/08/2025;6329.94;6271.71;6330.42;6271.71;17.52;13.41%;13.02%;39%;-2.29%;1.23
05/08/2025;6299.19;6336.63;6346;6289.41;17.85;14.06%;14.96%;48%;+0.65%;1.30
06/08/2025;6345.06;6309.3;6352.83;6301.11;16.77;13.18%;12.37%;35%;-0.87%;1.16
07/08/2025;6340;6374.32;6389.19;6310.32;16.57;13.17%;12.31%;34%;-0.02%;1.10
08/08/2025;6389.45;6355.22;6395.16;6355.22;15.15;11.95%;8.68%;17%;-1.22%;1.17
11/08/2025;6373.45;6392.28;6407.25;6364.06;16.25;12.59%;10.59%;25%;+0.64%;1.16
12/08/2025;6445.76;6395.17;6446.53;6385.76;14.73;11.47%;7.25%;11%;-1.12%;1.24
13/08/2025;6466.58;6462.67;6479.61;6445.02;14.49;11.21%;6.47%;9%;-0.26%;1.06
14/08/2025;6468.54;6453.46;6473.92;6441.07;14.83;11.21%;6.48%;9%;unch;1.26
15/08/2025;6449.8;6477.38;6477.38;6441.85;15.09;11.43%;7.13%;11%;+0.22%;1.23
18/08/2025;6449.15;6445.02;6455.35;6437.7;14.99;11.55%;7.49%;13%;+0.12%;1.15
19/08/2025;6411.37;6446.24;6456.48;6400.22;15.57;12.26%;9.62%;22%;+0.71%;1.33
20/08/2025;6395.78;6406.62;6407.22;6343.86;15.69;12.71%;10.94%;28%;+0.44%;1.22
21/08/2025;6370.17;6380.83;6393.65;6352.71;16.6;13.46%;13.18%;41%;+0.75%;1.15
22/08/2025;6466.91;6384.59;6478.89;6384.59;14.22;11.18%;6.40%;8%;-2.27%;1.18
25/08/2025;6439.32;6454.69;6466.89;6438.06;14.79;11.58%;7.60%;14%;+0.40%;1.21
26/08/2025;6465.94;6435.49;6468.22;6429.21;14.62;11.34%;6.88%;10%;-0.24%;1.26
27/08/2025;6481.4;6462.26;6487.06;6458.67;14.85;11.31%;6.78%;10%;-0.03%;1.13
28/08/2025;6501.86;6483.84;6508.12;6466.96;14.43;11.09%;6.12%;7%;-0.22%;1.19
29/08/2025;6460.26;6489.28;6489.64;6444.57;15.36;11.91%;8.57%;20%;+0.82%;1.19
02/09/2025;6415.54;6379.25;6416.54;6360.58;17.17;13.73%;13.98%;45%;+1.12%;1.18
03/09/2025;6448.26;6445.82;6453.67;6416.17;16.35;13.03%;11.91%;33%;-0.69%;1.15
04/09/2025;6502.08;6456.6;6502.52;6445.98;15.3;12.08%;9.06%;21%;-0.95%;1.22
05/09/2025;6481.5;6527.31;6532.65;6444.37;15.18;11.89%;8.52%;19%;-0.18%;1.15
08/09/2025;6495.15;6498.09;6508.67;6483.29;15.11;11.89%;8.49%;19%;-0.01%;1.14
09/09/2025;6512.61;6503.33;6518.23;6483.08;15.04;11.70%;7.94%;17%;-0.19%;1.27
10/09/2025;6532.04;6550.29;6555.97;6516.34;15.35;11.98%;8.77%;22%;+0.28%;1.26
11/09/2025;6587.47;6554.41;6592.89;6546.45;14.71;11.38%;6.99%;11%;-0.60%;1.12
12/09/2025;6584.29;6590.66;6600.21;6579.49;14.76;11.39%;7.01%;12%;+0.01%;1.29
15/09/2025;6615.28;6606.27;6619.62;6602.07;15.69;12.06%;9.03%;23%;+0.68%;1.31
16/09/2025;6606.76;6624.13;6625.74;6600.11;16.36;12.80%;11.22%;34%;+0.74%;1.24
17/09/2025;6600.35;6604.87;6624.39;6552.01;15.72;12.32%;9.80%;27%;-0.48%;1.33
18/09/2025;6631.96;6626.85;6656.8;6612.05;15.7;12.28%;9.68%;26%;-0.04%;1.12
19/09/2025;6664.36;6653.94;6671.82;6630.31;15.45;12.06%;9.00%;23%;-0.23%;1.25
22/09/2025;6693.75;6654.28;6698.88;6648.07;16.1;12.64%;10.74%;31%;+0.59%;1.12
23/09/2025;6656.92;6693.78;6699.21;6645.58;16.64;13.27%;12.63%;43%;+0.63%;1.34
24/09/2025;6637.97;6669.79;6671.9;6621.76;16.18;13.21%;12.45%;41%;-0.06%;1.30
25/09/2025;6604.72;6602.35;6619;6569.22;16.74;13.43%;13.10%;45%;+0.22%;1.28
26/09/2025;6643.7;6615.38;6647.66;6605.02;15.29;12.19%;9.40%;24%;-1.24%;1.17
29/09/2025;6661.21;6661.58;6677.27;6644.49;16.12;12.62%;10.69%;29%;+0.43%;1.10
30/09/2025;6688.46;6656.19;6691.17;6641;16.28;12.69%;10.89%;31%;+0.06%;1.15
01/10/2025;6711.2;6664.92;6718.48;6656.41;16.29;12.89%;11.48%;34%;+0.20%;1.11
02/10/2025;6715.35;6731.31;6731.94;6693.23;16.63;13.18%;12.35%;41%;+0.29%;1.14
03/10/2025;6715.79;6722.14;6750.87;6706.09;16.65;13.04%;11.92%;37%;-0.15%;1.30
06/10/2025;6740.28;6736.2;6749.52;6717.78;16.37;12.95%;11.65%;35%;-0.09%;1.19
07/10/2025;6714.59;6746.14;6754.38;6700.12;17.24;13.72%;13.95%;50%;+0.77%;1.22
08/10/2025;6753.72;6723.87;6755.64;6718.09;16.3;13.08%;12.04%;38%;-0.64%;1.15
09/10/2025;6735.11;6760.5;6764.15;6716.17;16.43;13.10%;12.11%;39%;+0.02%;1.22
10/10/2025;6552.51;6740.49;6762.4;6551.36;21.66;18.90%;29.41%;86%;+5.80%;1.36
13/10/2025;6654.72;6622.53;6668.68;6621.17;19.03;14.92%;17.54%;64%;-3.98%;1.30
14/10/2025;6644.31;6602.49;6680.7;6555.41;20.81;16.31%;21.69%;77%;+1.39%;1.31
15/10/2025;6671.06;6688.27;6722.62;6612.43;20.64;16.48%;22.19%;77%;+0.17%;1.13
16/10/2025;6629.07;6689.02;6709.34;6593.99;25.31;19.40%;30.88%;88%;+2.91%;1.25
17/10/2025;6664.01;6617.07;6678.88;6603.81;20.78;16.34%;21.78%;76%;-3.05%;1.29
20/10/2025;6735.13;6690.05;6744.35;6690.05;18.23;14.07%;15.00%;56%;-2.27%;1.29
21/10/2025;6735.35;6736.75;6752.16;6722.59;17.87;14.01%;14.83%;55%;-0.06%;1.36
22/10/2025;6699.4;6741.34;6741.34;6655.69;18.6;14.66%;16.76%;62%;+0.65%;1.29
23/10/2025;6738.44;6703.65;6749.53;6701.21;17.3;13.68%;13.84%;51%;-0.98%;1.16
24/10/2025;6791.69;6772.07;6807.11;6772.07;16.37;12.86%;11.40%;34%;-0.82%;1.17
27/10/2025;6875.16;6853.19;6877.28;6844.28;15.79;12.94%;11.63%;36%;+0.08%;1.15
28/10/2025;6890.89;6897.74;6911.3;6870.73;16.42;13.54%;13.43%;49%;+0.60%;1.02
29/10/2025;6890.59;6910.72;6920.34;6853.35;16.92;13.94%;14.62%;55%;+0.40%;1.05
30/10/2025;6822.34;6860.5;6880.75;6820.69;16.91;14.59%;16.56%;62%;+0.65%;1.24
31/10/2025;6840.2;6879.17;6879.17;6814.26;17.44;14.24%;15.50%;59%;-0.36%;1.10
03/11/2025;6851.97;6882.32;6882.32;6820.83;17.17;13.98%;14.72%;57%;-0.26%;1.18
04/11/2025;6771.55;6774.28;6820.15;6766.71;19;15.38%;18.90%;71%;+1.40%;1.28
05/11/2025;6796.29;6769.77;6829.78;6763.11;18.01;14.61%;16.61%;64%;-0.77%;1.12
06/11/2025;6720.32;6787.59;6796.68;6707.51;19.5;16.08%;21.00%;75%;+1.47%;1.21
07/11/2025;6728.8;6696.18;6729.24;6631.44;19.08;15.60%;19.58%;72%;-0.48%;1.21
10/11/2025;6832.43;6785.36;6841.32;6770.56;17.6;14.09%;15.06%;58%;-1.52%;1.06
11/11/2025;6846.61;6815.64;6855.13;6806.87;17.28;14.09%;15.05%;57%;unch;1.15
12/11/2025;6850.92;6867.77;6869.91;6829.62;17.51;14.40%;16.00%;59%;+0.32%;1.04
13/11/2025;6737.49;6826.47;6827.26;6724.72;20;16.46%;22.13%;78%;+2.06%;1.11
14/11/2025;6734.11;6666.15;6774.31;6646.87;19.83;16.36%;21.84%;77%;-0.09%;1.26
17/11/2025;6672.41;6708.11;6754.5;6639.52;22.38;18.20%;27.31%;82%;+1.83%;1.29
18/11/2025;6617.32;6634.16;6666.63;6575.76;24.69;19.75%;31.94%;88%;+1.55%;1.13
19/11/2025;6642.16;6621.22;6689.14;6603.5;23.66;19.11%;30.03%;86%;-0.64%;1.25
20/11/2025;6538.76;6737.93;6770.35;6534.05;26.42;21.24%;36.39%;91%;+2.13%;1.22
21/11/2025;6602.99;6561.78;6660.05;6521.92;23.43;19.17%;30.22%;86%;-2.07%;1.23
24/11/2025;6705.12;6636.54;6715.46;6631.11;20.52;16.40%;21.96%;75%;-2.77%;1.16
25/11/2025;6765.88;6697.03;6776.17;6663.13;18.56;14.74%;17.02%;62%;-1.66%;1.11
26/11/2025;6812.61;6793.55;6831.44;6783.87;17.19;13.84%;14.33%;49%;-0.90%;1.02
28/11/2025;6849.09;6822.52;6850.83;6819.75;16.35;13.16%;12.30%;36%;-0.69%;1.01
01/12/2025;6812.63;6812.3;6843.65;6799.94;17.24;14.07%;14.99%;53%;+0.90%;1.21
02/12/2025;6829.37;6833.1;6851.16;6806.71;16.59;13.66%;13.78%;45%;-0.41%;1.12
03/12/2025;6849.72;6813.71;6862.38;6810.43;16.08;13.26%;12.58%;39%;-0.40%;1.22
04/12/2025;6857.12;6863.77;6865.93;6827.12;15.78;12.72%;10.97%;25%;-0.54%;1.11
05/12/2025;6870.4;6866.32;6895.78;6858.29;15.41;12.40%;10.02%;20%;-0.32%;1.14
08/12/2025;6846.51;6872.29;6876.96;6827.21;16.66;13.33%;10.45%;40%;+0.94%;1.06
09/12/2025;6840.51;6842.8;6864.92;6838.27;16.93;13.48%;10.89%;42%;+0.14%;1.26
10/12/2025;6886.68;6833.49;6900.67;6825.83;15.77;12.67%;8.42%;23%;-0.81%;1.21
11/12/2025;6901;6859.85;6903.46;6834.25;14.85;11.96%;6.05%;13%;-0.71%;1.18
12/12/2025;6827.41;6888.96;6899.03;6801.79;15.74;12.47%;7.59%;19%;+0.50%;1.25
15/12/2025;6816.51;6861.59;6861.59;6802.76;16.5;12.97%;8.36%;29%;+0.50%;1.21
16/12/2025;6800.26;6804.01;6818.45;6759.74;16.48;12.95%;8.32%;28%;-0.01%;1.16
17/12/2025;6721.43;6801.98;6809.47;6720.95;17.62;14.50%;13.09%;58%;+1.54%;1.14
18/12/2025;6774.76;6778.06;6815.98;6758.5;16.87;13.30%;9.39%;40%;-1.20%;1.18
19/12/2025;6834.5;6796.37;6840.02;6793.68;14.91;11.65%;4.29%;9%;-1.65%;1.27
22/12/2025;6878.49;6864.1;6882.03;6856.97;14.08;10.77%;1.55%;0%;-0.89%;1.20
23/12/2025;6909.79;6873.79;6910.88;6872.7;14;10.69%;1.32%;0%;-0.07%;1.11
24/12/2025;6932.05;6904.91;6937.32;6904.91;13.47;10.74%;0.13%;0%;+0.04%;0.99
26/12/2025;6929.94;6937.77;6945.77;6921.6;13.6;10.65%;0.00%;0%;-0.09%;1.22
29/12/2025;6905.74;6900.12;6919.25;6888.77;14.2;11.40%;2.33%;6%;+0.74%;1.15
30/12/2025;6896.24;6899.86;6913.25;6893.59;14.33;11.77%;3.51%;11%;+0.38%;1.26
31/12/2025;6845.5;6898.82;6900.81;6845.1;14.95;12.45%;5.65%;19%;+0.68%;1.30
02/01/2026;6858.47;6887.01;6894.87;6824.31;14.51;12.09%;4.52%;16%;-0.36%;1.16
05/01/2026;6902.05;6892.19;6920.38;6891.57;14.9;12.10%;4.53%;17%;unch;1.27
06/01/2026;6944.82;6908.03;6948.69;6904.02;14.75;12.00%;4.24%;15%;-0.09%;1.11
07/01/2026;6920.93;6945.07;6965.69;6919.19;15.38;12.66%;6.30%;24%;+0.66%;1.14
08/01/2026;6921.46;6914.11;6931.28;6900.82;15.45;12.51%;5.81%;22%;-0.16%;1.15
09/01/2026;6966.28;6933.73;6978.36;6918.01;14.49;11.50%;2.66%;8%;-1.01%;1.09
12/01/2026;6977.27;6935.8;6986.33;6934.07;15.12;12.01%;4.27%;16%;+0.51%;1.23
13/01/2026;6963.74;6980.14;6985.83;6938.77;15.98;12.67%;6.33%;26%;+0.66%;1.27
14/01/2026;6926.6;6936.82;6941.3;6885.89;16.75;13.51%;8.97%;46%;+0.84%;1.13
15/01/2026;6944.47;6969.46;6979.34;6937.93;15.84;12.59%;6.08%;24%;-0.92%;1.23
16/01/2026;6940.01;6957.54;6967.3;6925.76;15.86;12.56%;5.99%;24%;-0.03%;1.20
20/01/2026;6796.86;6847.93;6871.17;6789.05;20.09;16.14%;17.19%;73%;+2.30%;1.29
21/01/2026;6875.62;6819.43;6910.39;6805.01;16.9;13.87%;10.08%;52%;-2.27%;1.10
22/01/2026;6913.35;6914.44;6934.75;6893.62;15.64;12.65%;6.27%;26%;-1.22%;1.23
23/01/2026;6915.61;6909.71;6932.96;6895.73;16.09;12.75%;6.58%;29%;+0.10%;1.27
26/01/2026;6950.23;6928.89;6964.66;6921.6;16.15;12.64%;6.23%;25%;-0.11%;1.27
27/01/2026;6978.6;6966.27;6988.82;6959.18;16.35;12.92%;7.11%;31%;+0.28%;1.15
28/01/2026;6978.03;7002;7002.24;6963.46;16.35;13.20%;7.98%;38%;+0.28%;1.15
29/01/2026;6969.01;6987.55;6991.99;6871.07;16.88;13.35%;8.44%;43%;+0.15%;1.17
30/01/2026;6939.03;6946.15;6964.09;6894.04;17.44;14.28%;11.36%;58%;+0.93%;1.23
02/02/2026;6976.44;6916.64;6991.92;6916.64;16.34;13.18%;7.94%;37%;-1.09%;1.26
03/02/2026;6917.81;6985.45;6991.87;6862.18;18;14.60%;12.37%;61%;+1.42%;1.20
04/02/2026;6882.72;6924.5;6936.09;6840.75;18.64;15.82%;16.17%;71%;+1.21%;1.13
05/02/2026;6798.4;6837.39;6856.49;6780.13;21.77;18.14%;23.45%;80%;+2.32%;1.20
06/02/2026;6932.3;6830.62;6944.89;6830.62;17.76;14.63%;12.46%;61%;-3.51%;1.18
09/02/2026;6964.82;6917.26;6980.1;6906.82;17.36;14.02%;10.54%;53%;-0.61%;1.10
10/02/2026;6941.81;6974.49;6986.83;6937.78;17.79;14.39%;11.70%;57%;+0.37%;1.20
11/02/2026;6941.47;6985.03;6992.61;6911.97;17.65;14.30%;11.44%;57%;-0.08%;1.22
12/02/2026;6832.76;6957.54;6972.54;6824.04;20.82;16.97%;19.78%;78%;+2.66%;1.27
13/02/2026;6836.17;6831.12;6881.35;6794.66;20.6;17.01%;19.92%;78%;+0.04%;1.37
17/02/2026;6843.22;6819.86;6866.99;6775.5;20.29;16.65%;18.79%;76%;-0.49%;1.22
18/02/2026;6881.31;6855.48;6909.12;6851.52;19.62;16.07%;16.99%;70%;-0.57%;1.42
19/02/2026;6861.89;6855.36;6878.73;6834.55;20.23;16.67%;18.85%;76%;+0.59%;1.22
20/02/2026;6909.51;6843.26;6915.86;6836.74;19.09;15.61%;15.54%;67%;-1.06%;1.28
23/02/2026;6837.75;6901.25;6915.97;6820.77;21.01;17.48%;21.40%;79%;+1.87%;1.14
24/02/2026;6890.07;6838.3;6899.17;6816.6;19.55;15.96%;16.63%;69%;-1.53%;1.18
25/02/2026;6946.13;6915.15;6952.51;6915.15;17.93;14.33%;11.52%;54%;-1.63%;1.09
26/02/2026;6908.86;6944.74;6947.25;6860.21;18.63;14.95%;13.47%;62%;+0.62%;1.12
27/02/2026;6878.88;6856.54;6882.96;6831.74;19.86;16.12%;17.12%;70%;+1.17%;1.13
02/03/2026;6881.62;6800.78;6901.01;6799.15;21.44;16.71%;18.99%;76%;+0.60%;1.24
03/03/2026;6816.63;6768.7;6840.05;6711.01;23.57;18.65%;25.05%;83%;+1.93%;1.15
04/03/2026;6869.5;6834.18;6885.94;6811.64;21.15;16.70%;18.93%;76%;-1.95%;1.25
05/03/2026;6830.71;6851.08;6869.79;6771.79;23.75;18.31%;24.00%;82%;+1.62%;1.15
06/03/2026;6740.02;6747.62;6773.17;6712.8;29.49;22.44%;36.92%;93%;+4.12%;1.25
09/03/2026;6795.99;6699.8;6807.49;6636.52;25.5;19.74%;28.47%;88%;-2.70%;1.18
10/03/2026;6781.48;6792.83;6845.08;6759.74;24.93;19.98%;29.23%;89%;+0.24%;1.22
11/03/2026;6775.8;6791.58;6809.85;6745.59;24.23;19.27%;26.98%;87%;-0.72%;1.15
12/03/2026;6672.62;6725.48;6727.16;6670.43;27.29;22.13%;35.94%;93%;+2.84%;1.16
13/03/2026;6632.19;6673.49;6733.3;6623.92;27.19;22.98%;38.62%;94%;+0.86%;1.22
16/03/2026;6699.38;6674.37;6728.43;6674.37;23.51;19.63%;28.11%;88%;-3.36%;1.25
17/03/2026;6716.09;6722.35;6754.3;6710.8;22.37;18.49%;24.56%;83%;-1.13%;1.27
18/03/2026;6624.7;6693.27;6705.18;6622.94;25.09;20.91%;32.15%;91%;+2.42%;1.30
19/03/2026;6606.49;6583.12;6635.7;6558.01;24.06;20.51%;30.87%;90%;-0.41%;1.20
20/03/2026;6506.48;6594.66;6594.66;6473.88;26.78;23.27%;39.51%;94%;+2.76%;1.26
23/03/2026;6581;6599.8;6651.62;6565.55;26.15;21.69%;34.56%;92%;-1.58%;1.14
24/03/2026;6556.37;6538.59;6595.75;6526.34;26.95;22.24%;36.29%;93%;+0.55%;1.10
25/03/2026;6591.9;6598.35;6633.84;6570.52;25.33;21.11%;32.77%;90%;-1.12%;1.17
26/03/2026;6477.16;6555.86;6573.22;6473.91;27.44;23.65%;40.72%;94%;+2.54%;1.23
27/03/2026;6368.85;6449.58;6450.69;6356.08;31.05;26.37%;49.23%;96%;+2.72%;1.21
30/03/2026;6343.72;6403.37;6427.31;6316.91;30.61;25.30%;45.88%;94%;-1.07%;1.21
31/03/2026;6528.52;6413.88;6536.35;6404.64;25.25;21.08%;32.66%;88%;-4.22%;1.11
01/04/2026;6575.32;6564.46;6609.67;6554.39;24.54;20.34%;30.35%;86%;-0.73%;1.32
02/04/2026;6582.69;6512.61;6600.41;6474.94;23.87;19.74%;28.45%;84%;-0.61%;1.28
06/04/2026;6611.83;6587.66;6613.24;6579.72;24.17;19.75%;28.48%;85%;+0.01%;1.26
07/04/2026;6616.85;6601.93;6618.26;6534.7;25.78;20.99%;32.37%;89%;+1.24%;1.07
08/04/2026;6782.81;6791.59;6793.5;6741.27;21.04;16.80%;25.33%;76%;-4.19%;1.31
09/04/2026;6824.66;6783.69;6835.31;6761.55;19.49;15.56%;20.24%;66%;-1.23%;1.05
10/04/2026;6816.89;6839.24;6844.15;6809.04;19.23;15.77%;24.36%;67%;+0.20%;1.17
13/04/2026;6886.24;6806.47;6887;6790.02;19.12;15.03%;23.04%;62%;-0.74%;1.06
14/04/2026;6967.38;6910.2;6969.42;6905.17;18.36;14.62%;20.89%;59%;-0.41%;0.92
15/04/2026;7022.95;6978.17;7026.04;6967.13;18.17;14.65%;21.04%;60%;+0.03%;0.98
16/04/2026;7041.28;7037.78;7051.23;7008.93;17.94;14.57%;20.61%;57%;-0.08%;1.11
17/04/2026;7126.06;7087.06;7147.52;7082.7;17.48;14.58%;20.69%;57%;+0.02%;0.93
20/04/2026;7109.14;7115.79;7122.65;7084.41;18.87;15.42%;25.13%;67%;+0.84%;1.17
21/04/2026;7064.01;7122.64;7137.27;7050.7;19.5;16.18%;33.92%;73%;+0.75%;1.22
22/04/2026;7137.9;7102.91;7137.96;7102.91;18.92;15.18%;28.83%;65%;-1.00%;1.15
23/04/2026;7108.4;7122.38;7147.78;7046.97;19.31;15.74%;32.36%;70%;+0.56%;1.28
24/04/2026;7165.08;7136.48;7168.59;7113.07;18.71;15.76%;32.48%;70%;+0.02%;1.06
27/04/2026;7173.91;7155.42;7178.74;7147.17;18.02;15.19%;28.86%;66%;-0.57%;1.18
28/04/2026;7138.8;7133.74;7151.76;7115.17;17.83;15.27%;29.35%;67%;+0.08%;1.14
29/04/2026;7135.95;7134.12;7145.63;7107.86;18.81;15.53%;31.07%;69%;+0.27%;1.26
30/04/2026;7209.01;7161.75;7219.83;7128.24;16.89;14.32%;23.34%;54%;-1.22%;1.03
;;7234.54;;;;;;;;
;;7228.38;;;;;;;;
;;7233.62;;;;;;;;
;;7305.97;;;;;;;;
;;7376.78;;;;;;;;
